"system","code","display","count"
"http://fhir.de/CodeSystem/bfarm/icd-10-gm","I10.90",,3
"http://fhir.de/CodeSystem/bfarm/icd-10-gm","I25.2",,1
"http://fhir.de/CodeSystem/bfarm/icd-10-gm","E78.2",,1
"http://fhir.de/CodeSystem/bfarm/icd-10-gm","N18.2",,1
"http://fhir.de/CodeSystem/bfarm/icd-10-gm","I34.0",,2
"http://fhir.de/CodeSystem/bfarm/icd-10-gm","M79.69",,2
"http://fhir.de/CodeSystem/bfarm/icd-10-gm","E66.01",,1
"http://fhir.de/CodeSystem/bfarm/icd-10-gm","M79.65",,2
"http://fhir.de/CodeSystem/bfarm/icd-10-gm","D70.18",,1
"http://fhir.de/CodeSystem/bfarm/icd-10-gm","K35.2",,51
"http://fhir.de/CodeSystem/bfarm/icd-10-gm","I33.0",,1
"http://fhir.de/CodeSystem/bfarm/icd-10-gm","T86.10",,2
"http://fhir.de/CodeSystem/bfarm/icd-10-gm","K85.11",,2
"http://fhir.de/CodeSystem/bfarm/icd-10-gm","N30.0",,3
"http://fhir.de/CodeSystem/bfarm/icd-10-gm","K29.0",,1
"http://fhir.de/CodeSystem/bfarm/icd-10-gm","N39.0",,4
"http://fhir.de/CodeSystem/bfarm/icd-10-gm","I21.4",,1
"http://fhir.de/CodeSystem/bfarm/icd-10-gm","I21.0",,2
"http://fhir.de/CodeSystem/bfarm/icd-10-gm","N17.01",,1
"http://fhir.de/CodeSystem/bfarm/icd-10-gm","F10.1",,2
"http://fhir.de/CodeSystem/bfarm/icd-10-gm","F10.4",,1
"http://fhir.de/CodeSystem/bfarm/icd-10-gm","K70.1",,2
"http://fhir.de/CodeSystem/bfarm/icd-10-gm","K70.9",,1
"http://fhir.de/CodeSystem/bfarm/icd-10-gm","Z88.0",,1
"http://fhir.de/CodeSystem/bfarm/icd-10-gm","Z88.4",,1
"http://fhir.de/CodeSystem/bfarm/icd-10-gm","Z88.0",,1
"http://fhir.de/CodeSystem/bfarm/icd-10-gm","Z88.2",,1
"http://fhir.de/CodeSystem/bfarm/icd-10-gm","I25.2",,1
"http://fhir.de/CodeSystem/bfarm/icd-10-gm","I71.4",,1
"http://fhir.de/CodeSystem/bfarm/icd-10-gm","D61.10",,1
"http://fhir.de/CodeSystem/bfarm/icd-10-gm","K35.30",,2
"http://fhir.de/CodeSystem/bfarm/icd-10-gm","I10.91",,2
"http://fhir.de/CodeSystem/bfarm/icd-10-gm","M13.19",,1
"http://fhir.de/CodeSystem/bfarm/icd-10-gm","E16.0",,3
"http://fhir.de/CodeSystem/bfarm/icd-10-gm","J45.9",,2
"http://fhir.de/CodeSystem/bfarm/icd-10-gm","I70.21",,2
"http://fhir.de/CodeSystem/bfarm/icd-10-gm","R07.3",,1
"http://fhir.de/CodeSystem/bfarm/icd-10-gm","E87.2",,1
"http://fhir.de/CodeSystem/bfarm/icd-10-gm","J15.9",,2
"http://fhir.de/CodeSystem/bfarm/icd-10-gm","C44.0",,1
"http://fhir.de/CodeSystem/bfarm/icd-10-gm","I10.00",,2
"http://fhir.de/CodeSystem/bfarm/icd-10-gm","F31.6",,2
"http://fhir.de/CodeSystem/bfarm/icd-10-gm","K26.0",,1
"http://fhir.de/CodeSystem/bfarm/icd-10-gm","Z85.3",,1
"http://fhir.de/CodeSystem/bfarm/icd-10-gm","Z85.1",,1
"http://fhir.de/CodeSystem/bfarm/icd-10-gm","C50.3",,1
"http://fhir.de/CodeSystem/bfarm/icd-10-gm","J44.99",,2
"http://fhir.de/CodeSystem/bfarm/icd-10-gm","J44.19",,3
"http://fhir.de/CodeSystem/bfarm/icd-10-gm","C76.0",,1
"http://fhir.de/CodeSystem/bfarm/icd-10-gm","N18.4",,2
"http://fhir.de/CodeSystem/bfarm/icd-10-gm","N18.2",,5
"http://fhir.de/CodeSystem/bfarm/icd-10-gm","N18.3",,1
"http://fhir.de/CodeSystem/bfarm/icd-10-gm","M06.94",,2
"http://fhir.de/CodeSystem/bfarm/icd-10-gm","M06.97",,2
"http://fhir.de/CodeSystem/bfarm/icd-10-gm","M06.96",,2
"http://fhir.de/CodeSystem/bfarm/icd-10-gm","I25.19",,1
"http://fhir.de/CodeSystem/bfarm/icd-10-gm","J44.01",,1
"http://fhir.de/CodeSystem/bfarm/icd-10-gm","J44.99",,1
"http://fhir.de/CodeSystem/bfarm/icd-10-gm","E86",,4
"http://fhir.de/CodeSystem/bfarm/icd-10-gm","F02.3",,1
"http://fhir.de/CodeSystem/bfarm/icd-10-gm","G20.10",,1
"http://fhir.de/CodeSystem/bfarm/icd-10-gm","F33.0",,4
"http://fhir.de/CodeSystem/bfarm/icd-10-gm","E11.91",,2
"http://fhir.de/CodeSystem/bfarm/icd-10-gm","E11.30",,1
"http://fhir.de/CodeSystem/bfarm/icd-10-gm","E11.40",,1
"http://fhir.de/CodeSystem/bfarm/icd-10-gm","E11.91",,2
"http://fhir.de/CodeSystem/bfarm/icd-10-gm","E11.60",,2
"http://fhir.de/CodeSystem/bfarm/icd-10-gm","E10.20",,1
"http://fhir.de/CodeSystem/bfarm/icd-10-gm","E11.72",,1
"http://fhir.de/CodeSystem/bfarm/icd-10-gm","E11.20",,1
"http://fhir.de/CodeSystem/bfarm/icd-10-gm","E11.90",,1
"http://fhir.de/CodeSystem/bfarm/icd-10-gm","E11.90",,2
"http://fhir.de/CodeSystem/bfarm/icd-10-gm","G63.2",,2
"http://fhir.de/CodeSystem/bfarm/icd-10-gm","N04.2",,1
"http://fhir.de/CodeSystem/bfarm/icd-10-gm","K76.8",,1
"http://fhir.de/CodeSystem/bfarm/icd-10-gm","D50.9",,1
"http://fhir.de/CodeSystem/bfarm/icd-10-gm","G40.9",,1
"http://fhir.de/CodeSystem/bfarm/icd-10-gm","Z75.70",,1
"http://fhir.de/CodeSystem/bfarm/icd-10-gm","A46",,1
"http://fhir.de/CodeSystem/bfarm/icd-10-gm","I10",,1
"http://fhir.de/CodeSystem/bfarm/icd-10-gm","I10.90",,8
"http://fhir.de/CodeSystem/bfarm/icd-10-gm","I10.90",,1
"http://fhir.de/CodeSystem/bfarm/icd-10-gm","I10.91",,4
"http://fhir.de/CodeSystem/bfarm/icd-10-gm","R53.0",,2
"http://fhir.de/CodeSystem/bfarm/icd-10-gm","R50",,2
"http://fhir.de/CodeSystem/bfarm/icd-10-gm","R50.80",,4
"http://fhir.de/CodeSystem/bfarm/icd-10-gm","I69.3",,1
"http://fhir.de/CodeSystem/bfarm/icd-10-gm","S12.23",,1
"http://fhir.de/CodeSystem/bfarm/icd-10-gm","S32.4",,1
"http://fhir.de/CodeSystem/bfarm/icd-10-gm","T86.10",,1
"http://fhir.de/CodeSystem/bfarm/icd-10-gm","K92.2",,2
"http://fhir.de/CodeSystem/bfarm/icd-10-gm","K21.9",,1
"http://fhir.de/CodeSystem/bfarm/icd-10-gm","K21.0",,1
"http://fhir.de/CodeSystem/bfarm/icd-10-gm","R60.1",,1
"http://fhir.de/CodeSystem/bfarm/icd-10-gm","C71.3",,2
"http://fhir.de/CodeSystem/bfarm/icd-10-gm","M17.4",,2
"http://fhir.de/CodeSystem/bfarm/icd-10-gm","G81.9",,2
"http://fhir.de/CodeSystem/bfarm/icd-10-gm","R44.3",,2
"http://fhir.de/CodeSystem/bfarm/icd-10-gm","S62.10",,1
"http://fhir.de/CodeSystem/bfarm/icd-10-gm","N39.0",,1
"http://fhir.de/CodeSystem/bfarm/icd-10-gm","I21.1",,2
"http://fhir.de/CodeSystem/bfarm/icd-10-gm","I50.01",,1
"http://fhir.de/CodeSystem/bfarm/icd-10-gm","I11.01",,1
"http://fhir.de/CodeSystem/bfarm/icd-10-gm","I50.9",,2
"http://fhir.de/CodeSystem/bfarm/icd-10-gm","K44.0",,1
"http://fhir.de/CodeSystem/bfarm/icd-10-gm","I10.90",,8
"http://fhir.de/CodeSystem/bfarm/icd-10-gm","E03.1",,1
"http://fhir.de/CodeSystem/bfarm/icd-10-gm","E03.8",,2
"http://fhir.de/CodeSystem/bfarm/icd-10-gm","E03.4",,3
"http://fhir.de/CodeSystem/bfarm/icd-10-gm","M10.07",,1
"http://fhir.de/CodeSystem/bfarm/icd-10-gm","M10.07",,1
"http://fhir.de/CodeSystem/bfarm/icd-10-gm","I95.0",,12
"http://fhir.de/CodeSystem/bfarm/icd-10-gm","S72.11",,1
"http://fhir.de/CodeSystem/bfarm/icd-10-gm","Y57.9",,1
"http://fhir.de/CodeSystem/bfarm/icd-10-gm","T89.02",,1
"http://fhir.de/CodeSystem/bfarm/icd-10-gm","I25.11",,2
"http://fhir.de/CodeSystem/bfarm/icd-10-gm","F32.0",,1
"http://fhir.de/CodeSystem/bfarm/icd-10-gm","I50.12",,2
"http://fhir.de/CodeSystem/bfarm/icd-10-gm","I50.13",,1
"http://fhir.de/CodeSystem/bfarm/icd-10-gm","I50.14",,12
"http://fhir.de/CodeSystem/bfarm/icd-10-gm","I50.12",,1
"http://fhir.de/CodeSystem/bfarm/icd-10-gm","C50.4",,1
"http://fhir.de/CodeSystem/bfarm/icd-10-gm","T83.0",,1
"http://fhir.de/CodeSystem/bfarm/icd-10-gm","K12.3",,2
"http://fhir.de/CodeSystem/bfarm/icd-10-gm","I21.0",,1
"http://fhir.de/CodeSystem/bfarm/icd-10-gm","I23.2",,1
"http://fhir.de/CodeSystem/bfarm/icd-10-gm","I25.2",,1
"http://fhir.de/CodeSystem/bfarm/icd-10-gm","I21.1",,1
"http://fhir.de/CodeSystem/bfarm/icd-10-gm","I22.8",,4
"http://fhir.de/CodeSystem/bfarm/icd-10-gm","I25.22",,3
"http://fhir.de/CodeSystem/bfarm/icd-10-gm","N04",,1
"http://fhir.de/CodeSystem/bfarm/icd-10-gm","E46",,1
"http://fhir.de/CodeSystem/bfarm/icd-10-gm","G47.31",,1
"http://fhir.de/CodeSystem/bfarm/icd-10-gm","M81.20",,102
"http://fhir.de/CodeSystem/bfarm/icd-10-gm","M81.16",,102
"http://fhir.de/CodeSystem/bfarm/icd-10-gm","M80.19",,103
"http://fhir.de/CodeSystem/bfarm/icd-10-gm","M81.36",,102
"http://fhir.de/CodeSystem/bfarm/icd-10-gm","M80.50",,103
"http://fhir.de/CodeSystem/bfarm/icd-10-gm","M80.11",,103
"http://fhir.de/CodeSystem/bfarm/icd-10-gm","M80.96",,102
"http://fhir.de/CodeSystem/bfarm/icd-10-gm","M81.26",,102
"http://fhir.de/CodeSystem/bfarm/icd-10-gm","M81.31",,102
"http://fhir.de/CodeSystem/bfarm/icd-10-gm","M81.53",,102
"http://fhir.de/CodeSystem/bfarm/icd-10-gm","M80.52",,103
"http://fhir.de/CodeSystem/bfarm/icd-10-gm","M80.08",,103
"http://fhir.de/CodeSystem/bfarm/icd-10-gm","M80.94",,102
"http://fhir.de/CodeSystem/bfarm/icd-10-gm","M80.47",,103
"http://fhir.de/CodeSystem/bfarm/icd-10-gm","M80.83",,103
"http://fhir.de/CodeSystem/bfarm/icd-10-gm","M80.17",,103
"http://fhir.de/CodeSystem/bfarm/icd-10-gm","M81.30",,102
"http://fhir.de/CodeSystem/bfarm/icd-10-gm","M80.46",,103
"http://fhir.de/CodeSystem/bfarm/icd-10-gm","M80.41",,103
"http://fhir.de/CodeSystem/bfarm/icd-10-gm","M81.25",,102
"http://fhir.de/CodeSystem/bfarm/icd-10-gm","M81.06",,102
"http://fhir.de/CodeSystem/bfarm/icd-10-gm","M80.97",,102
"http://fhir.de/CodeSystem/bfarm/icd-10-gm","M80.98",,102
"http://fhir.de/CodeSystem/bfarm/icd-10-gm","M81.37",,102
"http://fhir.de/CodeSystem/bfarm/icd-10-gm","M80.80",,103
"http://fhir.de/CodeSystem/bfarm/icd-10-gm","M81.22",,102
"http://fhir.de/CodeSystem/bfarm/icd-10-gm","M81.50",,102
"http://fhir.de/CodeSystem/bfarm/icd-10-gm","M81.29",,102
"http://fhir.de/CodeSystem/bfarm/icd-10-gm","M81.98",,102
"http://fhir.de/CodeSystem/bfarm/icd-10-gm","M80.32",,103
"http://fhir.de/CodeSystem/bfarm/icd-10-gm","M80.42",,103
"http://fhir.de/CodeSystem/bfarm/icd-10-gm","M81.21",,102
"http://fhir.de/CodeSystem/bfarm/icd-10-gm","M81.13",,102
"http://fhir.de/CodeSystem/bfarm/icd-10-gm","M81.92",,102
"http://fhir.de/CodeSystem/bfarm/icd-10-gm","M80.38",,103
"http://fhir.de/CodeSystem/bfarm/icd-10-gm","M81.86",,102
"http://fhir.de/CodeSystem/bfarm/icd-10-gm","M81.49",,102
"http://fhir.de/CodeSystem/bfarm/icd-10-gm","M80.18",,103
"http://fhir.de/CodeSystem/bfarm/icd-10-gm","M80.44",,103
"http://fhir.de/CodeSystem/bfarm/icd-10-gm","M80.26",,103
"http://fhir.de/CodeSystem/bfarm/icd-10-gm","M81.15",,102
"http://fhir.de/CodeSystem/bfarm/icd-10-gm","M80.15",,103
"http://fhir.de/CodeSystem/bfarm/icd-10-gm","M81.40",,102
"http://fhir.de/CodeSystem/bfarm/icd-10-gm","M80.22",,103
"http://fhir.de/CodeSystem/bfarm/icd-10-gm","M80.37",,103
"http://fhir.de/CodeSystem/bfarm/icd-10-gm","M80.20",,103
"http://fhir.de/CodeSystem/bfarm/icd-10-gm","M80.31",,103
"http://fhir.de/CodeSystem/bfarm/icd-10-gm","M80.23",,103
"http://fhir.de/CodeSystem/bfarm/icd-10-gm","M80.45",,103
"http://fhir.de/CodeSystem/bfarm/icd-10-gm","M80.36",,103
"http://fhir.de/CodeSystem/bfarm/icd-10-gm","M81.08",,102
"http://fhir.de/CodeSystem/bfarm/icd-10-gm","M80.24",,103
"http://fhir.de/CodeSystem/bfarm/icd-10-gm","M80.92",,102
"http://fhir.de/CodeSystem/bfarm/icd-10-gm","M81.19",,102
"http://fhir.de/CodeSystem/bfarm/icd-10-gm","M80.25",,103
"http://fhir.de/CodeSystem/bfarm/icd-10-gm","M81.43",,102
"http://fhir.de/CodeSystem/bfarm/icd-10-gm","M80.95",,102
"http://fhir.de/CodeSystem/bfarm/icd-10-gm","M80.88",,103
"http://fhir.de/CodeSystem/bfarm/icd-10-gm","M81.23",,102
"http://fhir.de/CodeSystem/bfarm/icd-10-gm","M81.96",,102
"http://fhir.de/CodeSystem/bfarm/icd-10-gm","M81.32",,102
"http://fhir.de/CodeSystem/bfarm/icd-10-gm","M81.11",,102
"http://fhir.de/CodeSystem/bfarm/icd-10-gm","M80.53",,103
"http://fhir.de/CodeSystem/bfarm/icd-10-gm","M81.83",,102
"http://fhir.de/CodeSystem/bfarm/icd-10-gm","M80.43",,103
"http://fhir.de/CodeSystem/bfarm/icd-10-gm","M81.28",,102
"http://fhir.de/CodeSystem/bfarm/icd-10-gm","M81.41",,102
"http://fhir.de/CodeSystem/bfarm/icd-10-gm","M80.07",,103
"http://fhir.de/CodeSystem/bfarm/icd-10-gm","M81.84",,102
"http://fhir.de/CodeSystem/bfarm/icd-10-gm","M80.09",,103
"http://fhir.de/CodeSystem/bfarm/icd-10-gm","M80.06",,103
"http://fhir.de/CodeSystem/bfarm/icd-10-gm","M80.01",,103
"http://fhir.de/CodeSystem/bfarm/icd-10-gm","M80.58",,103
"http://fhir.de/CodeSystem/bfarm/icd-10-gm","M80.59",,103
"http://fhir.de/CodeSystem/bfarm/icd-10-gm","M81.65",,102
"http://fhir.de/CodeSystem/bfarm/icd-10-gm","M81.87",,102
"http://fhir.de/CodeSystem/bfarm/icd-10-gm","M80.91",,102
"http://fhir.de/CodeSystem/bfarm/icd-10-gm","M80.00",,104
"http://fhir.de/CodeSystem/bfarm/icd-10-gm","M81.91",,102
"http://fhir.de/CodeSystem/bfarm/icd-10-gm","M81.89",,102
"http://fhir.de/CodeSystem/bfarm/icd-10-gm","M81.99",,102
"http://fhir.de/CodeSystem/bfarm/icd-10-gm","M80.49",,103
"http://fhir.de/CodeSystem/bfarm/icd-10-gm","M81.51",,102
"http://fhir.de/CodeSystem/bfarm/icd-10-gm","M81.39",,102
"http://fhir.de/CodeSystem/bfarm/icd-10-gm","M80.54",,103
"http://fhir.de/CodeSystem/bfarm/icd-10-gm","M80.10",,103
"http://fhir.de/CodeSystem/bfarm/icd-10-gm","M80.55",,103
"http://fhir.de/CodeSystem/bfarm/icd-10-gm","M80.89",,103
"http://fhir.de/CodeSystem/bfarm/icd-10-gm","M80.99",,102
"http://fhir.de/CodeSystem/bfarm/icd-10-gm","M81.45",,102
"http://fhir.de/CodeSystem/bfarm/icd-10-gm","M80.93",,102
"http://fhir.de/CodeSystem/bfarm/icd-10-gm","M80.30",,103
"http://fhir.de/CodeSystem/bfarm/icd-10-gm","M81.10",,102
"http://fhir.de/CodeSystem/bfarm/icd-10-gm","M81.94",,102
"http://fhir.de/CodeSystem/bfarm/icd-10-gm","M80.04",,103
"http://fhir.de/CodeSystem/bfarm/icd-10-gm","M81.07",,102
"http://fhir.de/CodeSystem/bfarm/icd-10-gm","M80.90",,102
"http://fhir.de/CodeSystem/bfarm/icd-10-gm","M81.58",,102
"http://fhir.de/CodeSystem/bfarm/icd-10-gm","M80.14",,103
"http://fhir.de/CodeSystem/bfarm/icd-10-gm","M81.69",,102
"http://fhir.de/CodeSystem/bfarm/icd-10-gm","M80.29",,103
"http://fhir.de/CodeSystem/bfarm/icd-10-gm","M81.60",,102
"http://fhir.de/CodeSystem/bfarm/icd-10-gm","M81.80",,102
"http://fhir.de/CodeSystem/bfarm/icd-10-gm","M81.48",,102
"http://fhir.de/CodeSystem/bfarm/icd-10-gm","M81.42",,102
"http://fhir.de/CodeSystem/bfarm/icd-10-gm","M80.12",,103
"http://fhir.de/CodeSystem/bfarm/icd-10-gm","M81.52",,102
"http://fhir.de/CodeSystem/bfarm/icd-10-gm","M81.46",,102
"http://fhir.de/CodeSystem/bfarm/icd-10-gm","M81.55",,102
"http://fhir.de/CodeSystem/bfarm/icd-10-gm","M81.54",,102
"http://fhir.de/CodeSystem/bfarm/icd-10-gm","M80.16",,103
"http://fhir.de/CodeSystem/bfarm/icd-10-gm","M81.95",,102
"http://fhir.de/CodeSystem/bfarm/icd-10-gm","M81.66",,102
"http://fhir.de/CodeSystem/bfarm/icd-10-gm","M81.24",,102
"http://fhir.de/CodeSystem/bfarm/icd-10-gm","M81.33",,102
"http://fhir.de/CodeSystem/bfarm/icd-10-gm","M81.82",,102
"http://fhir.de/CodeSystem/bfarm/icd-10-gm","M81.9",,2
"http://fhir.de/CodeSystem/bfarm/icd-10-gm","M80.56",,103
"http://fhir.de/CodeSystem/bfarm/icd-10-gm","M80.05",,103
"http://fhir.de/CodeSystem/bfarm/icd-10-gm","M81.18",,102
"http://fhir.de/CodeSystem/bfarm/icd-10-gm","M81.85",,102
"http://fhir.de/CodeSystem/bfarm/icd-10-gm","M81.57",,102
"http://fhir.de/CodeSystem/bfarm/icd-10-gm","M80.82",,103
"http://fhir.de/CodeSystem/bfarm/icd-10-gm","M81.03",,102
"http://fhir.de/CodeSystem/bfarm/icd-10-gm","M80.39",,103
"http://fhir.de/CodeSystem/bfarm/icd-10-gm","M81.56",,102
"http://fhir.de/CodeSystem/bfarm/icd-10-gm","M80.57",,103
"http://fhir.de/CodeSystem/bfarm/icd-10-gm","M80.28",,103
"http://fhir.de/CodeSystem/bfarm/icd-10-gm","M81.14",,102
"http://fhir.de/CodeSystem/bfarm/icd-10-gm","M80.02",,103
"http://fhir.de/CodeSystem/bfarm/icd-10-gm","M80.87",,103
"http://fhir.de/CodeSystem/bfarm/icd-10-gm","M80.21",,103
"http://fhir.de/CodeSystem/bfarm/icd-10-gm","M80.34",,103
"http://fhir.de/CodeSystem/bfarm/icd-10-gm","M81.01",,102
"http://fhir.de/CodeSystem/bfarm/icd-10-gm","M80.48",,103
"http://fhir.de/CodeSystem/bfarm/icd-10-gm","M81.17",,102
"http://fhir.de/CodeSystem/bfarm/icd-10-gm","M80.13",,103
"http://fhir.de/CodeSystem/bfarm/icd-10-gm","M81.38",,102
"http://fhir.de/CodeSystem/bfarm/icd-10-gm","M81.47",,102
"http://fhir.de/CodeSystem/bfarm/icd-10-gm","M81.67",,102
"http://fhir.de/CodeSystem/bfarm/icd-10-gm","M81.02",,102
"http://fhir.de/CodeSystem/bfarm/icd-10-gm","M80.86",,103
"http://fhir.de/CodeSystem/bfarm/icd-10-gm","M81.00",,102
"http://fhir.de/CodeSystem/bfarm/icd-10-gm","M81.97",,102
"http://fhir.de/CodeSystem/bfarm/icd-10-gm","M81.88",,102
"http://fhir.de/CodeSystem/bfarm/icd-10-gm","M80.27",,103
"http://fhir.de/CodeSystem/bfarm/icd-10-gm","M81.35",,102
"http://fhir.de/CodeSystem/bfarm/icd-10-gm","M80.33",,103
"http://fhir.de/CodeSystem/bfarm/icd-10-gm","M81.09",,102
"http://fhir.de/CodeSystem/bfarm/icd-10-gm","M80.40",,103
"http://fhir.de/CodeSystem/bfarm/icd-10-gm","M80.81",,103
"http://fhir.de/CodeSystem/bfarm/icd-10-gm","M81.04",,102
"http://fhir.de/CodeSystem/bfarm/icd-10-gm","M81.59",,102
"http://fhir.de/CodeSystem/bfarm/icd-10-gm","M80.85",,103
"http://fhir.de/CodeSystem/bfarm/icd-10-gm","M81.12",,102
"http://fhir.de/CodeSystem/bfarm/icd-10-gm","M80.35",,103
"http://fhir.de/CodeSystem/bfarm/icd-10-gm","M80.03",,103
"http://fhir.de/CodeSystem/bfarm/icd-10-gm","M80.84",,103
"http://fhir.de/CodeSystem/bfarm/icd-10-gm","M81.90",,102
"http://fhir.de/CodeSystem/bfarm/icd-10-gm","M81.27",,102
"http://fhir.de/CodeSystem/bfarm/icd-10-gm","M81.34",,102
"http://fhir.de/CodeSystem/bfarm/icd-10-gm","M81.44",,102
"http://fhir.de/CodeSystem/bfarm/icd-10-gm","M80.51",,103
"http://fhir.de/CodeSystem/bfarm/icd-10-gm","M81.93",,102
"http://fhir.de/CodeSystem/bfarm/icd-10-gm","M81.05",,102
"http://fhir.de/CodeSystem/bfarm/icd-10-gm","M81.81",,102
"http://fhir.de/CodeSystem/bfarm/icd-10-gm","J69.8",,1
"http://fhir.de/CodeSystem/bfarm/icd-10-gm","G62.1",,1
"http://fhir.de/CodeSystem/bfarm/icd-10-gm","Q61.3",,1
"http://fhir.de/CodeSystem/bfarm/icd-10-gm","G20.10",,2
"http://fhir.de/CodeSystem/bfarm/icd-10-gm","G20.90",,1
"http://fhir.de/CodeSystem/bfarm/icd-10-gm","C61",,1
"http://fhir.de/CodeSystem/bfarm/icd-10-gm","N40",,2
"http://fhir.de/CodeSystem/bfarm/icd-10-gm","F10.1",,2
"http://fhir.de/CodeSystem/bfarm/icd-10-gm","F17.1",,2
"http://fhir.de/CodeSystem/bfarm/icd-10-gm","K21.0",,2
"http://fhir.de/CodeSystem/bfarm/icd-10-gm","E78.0",,3
"http://fhir.de/CodeSystem/bfarm/icd-10-gm","F41.0",,1
"http://fhir.de/CodeSystem/bfarm/icd-10-gm","A49",,1
"http://fhir.de/CodeSystem/bfarm/icd-10-gm","J18.8",,1
"http://fhir.de/CodeSystem/bfarm/icd-10-gm","J44.81",,1
"http://fhir.de/CodeSystem/bfarm/icd-10-gm","R13.9",,1
"http://fhir.de/CodeSystem/bfarm/icd-10-gm","T88.7",,1
"http://fhir.de/CodeSystem/bfarm/icd-10-gm","J46",,1
"http://fhir.de/CodeSystem/bfarm/icd-10-gm","J46",,1
"http://fhir.de/CodeSystem/bfarm/icd-10-gm","S72.08",,102
"http://fhir.de/CodeSystem/bfarm/icd-10-gm","S42.24",,205
"http://fhir.de/CodeSystem/bfarm/icd-10-gm","S62.31",,205
"http://fhir.de/CodeSystem/bfarm/icd-10-gm","S02.62",,205
"http://fhir.de/CodeSystem/bfarm/icd-10-gm","S62.12",,205
"http://fhir.de/CodeSystem/bfarm/icd-10-gm","S42.11",,205
"http://fhir.de/CodeSystem/bfarm/icd-10-gm","S72.01",,102
"http://fhir.de/CodeSystem/bfarm/icd-10-gm","S72.3",,102
"http://fhir.de/CodeSystem/bfarm/icd-10-gm","S72.42",,102
"http://fhir.de/CodeSystem/bfarm/icd-10-gm","S42.7",,205
"http://fhir.de/CodeSystem/bfarm/icd-10-gm","S42.00",,205
"http://fhir.de/CodeSystem/bfarm/icd-10-gm","S72.03",,102
"http://fhir.de/CodeSystem/bfarm/icd-10-gm","S72.43",,102
"http://fhir.de/CodeSystem/bfarm/icd-10-gm","S02.9",,205
"http://fhir.de/CodeSystem/bfarm/icd-10-gm","S62.51",,103
"http://fhir.de/CodeSystem/bfarm/icd-10-gm","S62.19",,205
"http://fhir.de/CodeSystem/bfarm/icd-10-gm","S72.04",,102
"http://fhir.de/CodeSystem/bfarm/icd-10-gm","S72.41",,102
"http://fhir.de/CodeSystem/bfarm/icd-10-gm","S62.7",,102
"http://fhir.de/CodeSystem/bfarm/icd-10-gm","S02.60",,205
"http://fhir.de/CodeSystem/bfarm/icd-10-gm","S62.15",,205
"http://fhir.de/CodeSystem/bfarm/icd-10-gm","S42.19",,205
"http://fhir.de/CodeSystem/bfarm/icd-10-gm","S02.66",,205
"http://fhir.de/CodeSystem/bfarm/icd-10-gm","S42.03",,205
"http://fhir.de/CodeSystem/bfarm/icd-10-gm","S02.1",,205
"http://fhir.de/CodeSystem/bfarm/icd-10-gm","S72.44",,102
"http://fhir.de/CodeSystem/bfarm/icd-10-gm","S62.14",,205
"http://fhir.de/CodeSystem/bfarm/icd-10-gm","S62.50",,205
"http://fhir.de/CodeSystem/bfarm/icd-10-gm","S02.67",,205
"http://fhir.de/CodeSystem/bfarm/icd-10-gm","S02.61",,205
"http://fhir.de/CodeSystem/bfarm/icd-10-gm","S62.10",,205
"http://fhir.de/CodeSystem/bfarm/icd-10-gm","S02.2",,205
"http://fhir.de/CodeSystem/bfarm/icd-10-gm","S42.10",,205
"http://fhir.de/CodeSystem/bfarm/icd-10-gm","S62.4",,205
"http://fhir.de/CodeSystem/bfarm/icd-10-gm","S42.09",,205
"http://fhir.de/CodeSystem/bfarm/icd-10-gm","S02.4",,205
"http://fhir.de/CodeSystem/bfarm/icd-10-gm","S72.02",,102
"http://fhir.de/CodeSystem/bfarm/icd-10-gm","S02.3",,205
"http://fhir.de/CodeSystem/bfarm/icd-10-gm","S62.62",,102
"http://fhir.de/CodeSystem/bfarm/icd-10-gm","S62.61",,102
"http://fhir.de/CodeSystem/bfarm/icd-10-gm","S42.14",,205
"http://fhir.de/CodeSystem/bfarm/icd-10-gm","S72.10",,102
"http://fhir.de/CodeSystem/bfarm/icd-10-gm","S62.21",,205
"http://fhir.de/CodeSystem/bfarm/icd-10-gm","S62.34",,205
"http://fhir.de/CodeSystem/bfarm/icd-10-gm","S72.8",,102
"http://fhir.de/CodeSystem/bfarm/icd-10-gm","S42.42",,205
"http://fhir.de/CodeSystem/bfarm/icd-10-gm","S62.16",,205
"http://fhir.de/CodeSystem/bfarm/icd-10-gm","S72.11",,102
"http://fhir.de/CodeSystem/bfarm/icd-10-gm","W01",,3
"http://fhir.de/CodeSystem/bfarm/icd-10-gm","S42.40",,205
"http://fhir.de/CodeSystem/bfarm/icd-10-gm","S42.21",,205
"http://fhir.de/CodeSystem/bfarm/icd-10-gm","S42.13",,205
"http://fhir.de/CodeSystem/bfarm/icd-10-gm","S02.8",,205
"http://fhir.de/CodeSystem/bfarm/icd-10-gm","S42.02",,205
"http://fhir.de/CodeSystem/bfarm/icd-10-gm","S42.20",,205
"http://fhir.de/CodeSystem/bfarm/icd-10-gm","S02.68",,205
"http://fhir.de/CodeSystem/bfarm/icd-10-gm","S42.01",,205
"http://fhir.de/CodeSystem/bfarm/icd-10-gm","S42.44",,205
"http://fhir.de/CodeSystem/bfarm/icd-10-gm","S62.24",,205
"http://fhir.de/CodeSystem/bfarm/icd-10-gm","S42.23",,205
"http://fhir.de/CodeSystem/bfarm/icd-10-gm","S02.69",,205
"http://fhir.de/CodeSystem/bfarm/icd-10-gm","S72.40",,102
"http://fhir.de/CodeSystem/bfarm/icd-10-gm","S42.45",,205
"http://fhir.de/CodeSystem/bfarm/icd-10-gm","S62.13",,205
"http://fhir.de/CodeSystem/bfarm/icd-10-gm","S72.00",,102
"http://fhir.de/CodeSystem/bfarm/icd-10-gm","S42.49",,205
"http://fhir.de/CodeSystem/bfarm/icd-10-gm","S62.17",,205
"http://fhir.de/CodeSystem/bfarm/icd-10-gm","S02.7",,205
"http://fhir.de/CodeSystem/bfarm/icd-10-gm","S02.5",,205
"http://fhir.de/CodeSystem/bfarm/icd-10-gm","S42.3",,205
"http://fhir.de/CodeSystem/bfarm/icd-10-gm","S62.11",,205
"http://fhir.de/CodeSystem/bfarm/icd-10-gm","S42.43",,205
"http://fhir.de/CodeSystem/bfarm/icd-10-gm","S62.20",,205
"http://fhir.de/CodeSystem/bfarm/icd-10-gm","S02.65",,205
"http://fhir.de/CodeSystem/bfarm/icd-10-gm","S72.7",,102
"http://fhir.de/CodeSystem/bfarm/icd-10-gm","S62.22",,205
"http://fhir.de/CodeSystem/bfarm/icd-10-gm","S42.8",,205
"http://fhir.de/CodeSystem/bfarm/icd-10-gm","S72.9",,102
"http://fhir.de/CodeSystem/bfarm/icd-10-gm","S62.30",,205
"http://fhir.de/CodeSystem/bfarm/icd-10-gm","S62.0",,205
"http://fhir.de/CodeSystem/bfarm/icd-10-gm","S62.32",,205
"http://fhir.de/CodeSystem/bfarm/icd-10-gm","S62.60",,102
"http://fhir.de/CodeSystem/bfarm/icd-10-gm","S72.2",,102
"http://fhir.de/CodeSystem/bfarm/icd-10-gm","S62.33",,205
"http://fhir.de/CodeSystem/bfarm/icd-10-gm","S62.23",,205
"http://fhir.de/CodeSystem/bfarm/icd-10-gm","S42.29",,205
"http://fhir.de/CodeSystem/bfarm/icd-10-gm","S62.8",,102
"http://fhir.de/CodeSystem/bfarm/icd-10-gm","S02.0",,206
"http://fhir.de/CodeSystem/bfarm/icd-10-gm","S62.52",,102
"http://fhir.de/CodeSystem/bfarm/icd-10-gm","S02.64",,205
"http://fhir.de/CodeSystem/bfarm/icd-10-gm","S62.63",,102
"http://fhir.de/CodeSystem/bfarm/icd-10-gm","S42.12",,205
"http://fhir.de/CodeSystem/bfarm/icd-10-gm","S02.63",,205
"http://fhir.de/CodeSystem/bfarm/icd-10-gm","S42.9",,205
"http://fhir.de/CodeSystem/bfarm/icd-10-gm","S42.22",,205
"http://fhir.de/CodeSystem/bfarm/icd-10-gm","S72.05",,102
"http://fhir.de/CodeSystem/bfarm/icd-10-gm","S42.41",,205
"http://fhir.de/CodeSystem/bfarm/icd-10-gm","S32.02",,1
"http://fhir.de/CodeSystem/bfarm/icd-10-gm","I60.1",,4
"http://fhir.de/CodeSystem/bfarm/icd-10-gm","R00.1",,1
"http://fhir.de/CodeSystem/bfarm/icd-10-gm","I80.28",,2
"http://fhir.de/CodeSystem/bfarm/icd-10-gm","K25.7",,1
"http://fhir.de/CodeSystem/bfarm/icd-10-gm","E12.11",,1
"http://fhir.de/CodeSystem/bfarm/icd-10-gm","T23.20",,1
"http://fhir.de/CodeSystem/bfarm/icd-10-gm","T43.8",,2
"http://fhir.de/CodeSystem/bfarm/icd-10-gm","E55.9",,1
"http://fhir.de/CodeSystem/bfarm/icd-10-gm","I48.9",,2
"http://fhir.de/CodeSystem/bfarm/icd-10-gm","I48.0",,4
"http://fhir.de/CodeSystem/bfarm/icd-10-gm","I48.2",,1
"http://fhir.de/CodeSystem/bfarm/icd-10-gm","I25.12",,1
"http://fhir.de/CodeSystem/bfarm/icd-10-gm","N28.1",,1
"http://fhir.de/CodeSystem/bfarm/icd-10-gm","F23.0",,2
"http://fhir.de/CodeSystem/bfarm/icd-10-gm","N30.0",,1
"http://fhir.de/CodeSystem/bfarm/icd-10-gm","K29.0",,2
"http://fhir.de/CodeSystem/bfarm/icd-10-gm","R50.88",,2
"http://fhir.de/CodeSystem/bfarm/icd-10-gm","I10.91",,2
"http://fhir.de/CodeSystem/bfarm/icd-10-gm","I48.9",,1
"http://fhir.de/CodeSystem/bfarm/icd-10-gm","G63.2",,1
"http://fhir.de/CodeSystem/bfarm/icd-10-gm","I10.90",,3
"http://fhir.de/CodeSystem/bfarm/icd-10-gm","L20.9",,2
"http://fhir.de/CodeSystem/bfarm/icd-10-gm","E78.2",,3
"http://fhir.de/CodeSystem/bfarm/icd-10-gm","M81.00",,1
"http://fhir.de/CodeSystem/bfarm/icd-10-gm","B02.2",,2
"http://fhir.de/CodeSystem/bfarm/icd-10-gm","G63.0",,2
"http://fhir.de/CodeSystem/bfarm/icd-10-gm","D63.9",,1
"http://fhir.de/CodeSystem/bfarm/icd-10-gm","I15.90",,1
"http://fhir.de/CodeSystem/bfarm/icd-10-gm","Z96.64",,2
"http://fhir.de/CodeSystem/bfarm/icd-10-gm","I63.5",,2
"http://fhir.de/CodeSystem/bfarm/icd-10-gm","D30.0",,1
"http://fhir.de/CodeSystem/bfarm/icd-10-gm","R60.9",,1
